emotion,count
Sadness,48.03921568627451
Happiness,23.52941176470588
Disgust,6.862745098039216
Fear,5.88235294117647
Surprise,4.901960784313726
31.58%,0.9803921568627451
60.53%,0.9803921568627451
2.63%,0.9803921568627451
5.26%,0.9803921568627451
26.37%,0.9803921568627451
53.85%,0.9803921568627451
6.59%,0.9803921568627451
7.69%,0.9803921568627451
5.49%,0.9803921568627451
