emotion,count
Fear,38.31775700934579
Sadness,31.775700934579437
Happiness,12.149532710280374
Disgust,7.476635514018691
30.43%,1.8691588785046727
37.50%,0.9345794392523363
31.25%,0.9345794392523363
25.00%,0.9345794392523363
6.25%,0.9345794392523363
21.74%,0.9345794392523363
17.39%,0.9345794392523363
Surprise,0.9345794392523363
