emotion,count
Sadness,48.57142857142857
Fear,22.040816326530614
Surprise,8.16326530612245
Disgust,7.346938775510205
Happiness,7.346938775510205
7.41%,0.8163265306122449
9.79%,0.8163265306122449
7.86%,0.8163265306122449
85.19%,0.40816326530612246
54.55%,0.40816326530612246
24.48%,0.40816326530612246
1.40%,0.40816326530612246
51.97%,0.40816326530612246
23.58%,0.40816326530612246
8.73%,0.40816326530612246
