emotion,count
Sadness,27.906976744186046
Happiness,23.25581395348837
Fear,16.27906976744186
Disgust,9.30232558139535
30.43%,4.651162790697675
37.50%,2.3255813953488373
31.25%,2.3255813953488373
25.00%,2.3255813953488373
6.25%,2.3255813953488373
21.74%,2.3255813953488373
17.39%,2.3255813953488373
