emotion,count
Sadness,79.3103448275862
Fear,6.896551724137931
Surprise,6.896551724137931
7.41%,3.4482758620689653
85.19%,1.7241379310344827
