emotion,count
Fear,21.21212121212121
Happiness,21.21212121212121
Sadness,15.151515151515152
Disgust,12.121212121212121
30.43%,6.0606060606060606
37.50%,3.0303030303030303
31.25%,3.0303030303030303
25.00%,3.0303030303030303
6.25%,3.0303030303030303
21.74%,3.0303030303030303
17.39%,3.0303030303030303
