emotion,count
Sadness,57.14285714285714
Happiness,34.285714285714285
Disgust,5.714285714285714
Fear,2.857142857142857
